Model,Accuracy,Precision (0),Recall (0),F1-Score (0),Precision (1),Recall (1),F1-Score (1),Confusion Matrix
Logistic Regression,0.775,0.775,1.0,0.8732394366197183,0.0,0.0,0.0,"[[31, 0], [9, 0]]"
Decision Tree,0.675,0.75,0.8709677419354839,0.8059701492537313,0.0,0.0,0.0,"[[27, 4], [9, 0]]"
Random Forest,0.725,0.7631578947368421,0.9354838709677419,0.8405797101449275,0.0,0.0,0.0,"[[29, 2], [9, 0]]"
XGBoost,0.725,0.7631578947368421,0.9354838709677419,0.8405797101449275,0.0,0.0,0.0,"[[29, 2], [9, 0]]"
